contract_id,opportunity_id,account_id,renewal_of,start_date,end_date,term_months,acv,status
C0001,O00001,A0154,,2026-05-09,2027-05-09,12,260485.0,Active
C0002,O00002,A0302,,2024-11-15,2026-11-15,24,18251.0,Active
C0003,O00004,A0176,,2025-09-30,2028-09-30,36,17894.0,Active
C0004,O00008,A0083,,2025-01-28,2026-01-28,12,78310.0,Renewed
C0005,O00008,A0083,C0004,2026-01-28,2027-01-28,12,78310.0,Active
C0006,O00009,A0331,,2026-02-15,2029-02-15,36,39490.0,Active
C0007,O00010,A0332,,2024-12-07,2025-12-07,12,14833.0,Renewed
C0008,O00010,A0332,C0007,2025-12-07,2026-12-07,12,22249.5,Active
C0009,O00011,A0199,,2026-02-19,2027-02-19,12,13013.0,Active
C0010,O00019,A0470,,2025-12-26,2026-12-26,12,26922.0,Active
C0011,O00020,A0237,,2025-09-21,2027-09-21,24,31285.0,Active
C0012,O00021,A0238,,2025-05-12,2026-05-12,12,9400.0,Churned
C0013,O00023,A0371,,2025-11-06,2026-11-06,12,17443.0,Active
C0014,O00024,A0263,,2024-08-13,2025-08-13,12,14317.0,Churned
C0015,O00027,A0046,,2025-03-09,2026-03-09,12,5449.0,Churned
C0016,O00031,A0139,,2025-06-21,2026-06-21,12,10327.0,Active
C0017,O00032,A0402,,2024-07-03,2025-07-03,12,59323.0,Renewed
C0018,O00032,A0402,C0017,2025-07-03,2026-07-03,12,59323.0,Active
C0019,O00038,A0207,,2025-05-31,2027-05-31,24,19267.0,Active
C0020,O00041,A0215,,2025-07-02,2027-07-02,24,12821.0,Active
C0021,O00044,A0451,,2024-07-30,2025-07-30,12,43543.0,Renewed
C0022,O00044,A0451,C0021,2025-07-30,2027-07-30,24,37011.55,Active
C0023,O00047,A0316,,2025-04-28,2028-04-28,36,9933.0,Active
C0024,O00051,A0323,,2024-09-08,2025-09-08,12,49933.0,Renewed
C0025,O00051,A0323,C0024,2025-09-08,2026-09-08,12,42443.05,Active
C0026,O00052,A0339,,2024-10-11,2025-10-11,12,11979.0,Renewed
C0027,O00052,A0339,C0026,2025-10-11,2026-10-11,12,11979.0,Active
C0028,O00056,A0440,,2024-11-14,2025-11-14,12,16915.0,Renewed
C0029,O00056,A0440,C0028,2025-11-14,2027-11-14,24,14377.75,Active
C0030,O00060,A0166,,2025-09-02,2027-09-02,24,9557.0,Active
C0031,O00061,A0045,,2026-05-23,2029-05-23,36,13166.0,Active
C0032,O00065,A0359,,2024-12-24,2026-12-24,24,16822.0,Active
C0033,O00066,A0359,,2026-04-04,2027-04-04,12,6765.0,Active
C0034,O00069,A0482,,2026-03-20,2028-03-20,24,9819.0,Active
C0035,O00070,A0468,,2025-06-13,2028-06-13,36,15364.0,Active
C0036,O00071,A0089,,2025-05-30,2026-05-30,12,222210.0,Churned
C0037,O00077,A0378,,2025-03-07,2026-03-07,12,13955.0,Renewed
C0038,O00077,A0378,C0037,2026-03-07,2028-03-07,24,20932.5,Active
C0039,O00079,A0166,,2026-03-04,2027-03-04,12,16627.0,Active
C0040,O00081,A0080,,2025-01-22,2027-01-22,24,55591.0,Active
C0041,O00087,A0359,,2026-01-14,2027-01-14,12,5620.0,Active
C0042,O00088,A0316,,2025-12-04,2026-12-04,12,12094.0,Active
C0043,O00090,A0198,,2024-11-04,2025-11-04,12,63301.0,Churned
C0044,O00093,A0426,,2025-01-06,2026-01-06,12,29335.0,Renewed
C0045,O00093,A0426,C0044,2026-01-06,2027-01-06,12,29335.0,Active
C0046,O00095,A0363,,2025-04-11,2027-04-11,24,207714.0,Active
C0047,O00098,A0276,,2024-11-15,2025-11-15,12,7879.0,Churned
C0048,O00100,A0270,,2026-02-11,2027-02-11,12,15713.0,Active
C0049,O00105,A0327,,2025-11-28,2026-11-28,12,18688.0,Active
C0050,O00108,A0122,,2026-01-15,2027-01-15,12,28381.0,Active
C0051,O00111,A0296,,2024-12-16,2025-12-16,12,8765.0,Renewed
C0052,O00111,A0296,C0051,2025-12-16,2028-12-16,36,7450.25,Active
C0053,O00113,A0066,,2025-11-12,2027-11-12,24,14887.0,Active
C0054,O00114,A0470,,2026-03-16,2028-03-16,24,51596.0,Active
C0055,O00118,A0090,,2026-02-10,2027-02-10,12,14160.0,Active
C0056,O00120,A0276,,2026-04-21,2027-04-21,12,16420.0,Active
C0057,O00121,A0045,,2025-06-22,2028-06-22,36,9310.0,Active
C0058,O00123,A0116,,2024-08-12,2025-08-12,12,7776.0,Renewed
C0059,O00123,A0116,C0058,2025-08-12,2027-08-12,24,7776.0,Active
C0060,O00126,A0254,,2025-11-11,2027-11-11,24,14152.0,Active
C0061,O00127,A0484,,2025-10-15,2026-10-15,12,14226.0,Active
C0062,O00129,A0047,,2025-01-28,2026-01-28,12,16037.0,Renewed
C0063,O00129,A0047,C0062,2026-01-28,2027-01-28,12,16037.0,Active
C0064,O00130,A0374,,2025-04-27,2026-04-27,12,129851.0,Renewed
C0065,O00130,A0374,C0064,2026-04-27,2027-04-27,12,194776.5,Active
C0066,O00131,A0078,,2025-12-30,2026-12-30,12,107967.0,Active
C0067,O00133,A0199,,2025-11-15,2028-11-15,36,17290.0,Active
C0068,O00135,A0051,,2025-04-25,2027-04-25,24,174791.0,Active
C0069,O00136,A0212,,2025-04-23,2026-04-23,12,11866.0,Renewed
C0070,O00136,A0212,C0069,2026-04-23,2027-04-23,12,10086.1,Active
C0071,O00139,A0200,,2025-10-22,2026-10-22,12,16313.0,Active
C0072,O00140,A0279,,2025-05-30,2027-05-30,24,18271.0,Active
C0073,O00143,A0356,,2025-07-22,2026-07-22,12,59674.0,Active
C0074,O00145,A0469,,2025-12-28,2026-12-28,12,204042.0,Active
C0075,O00146,A0195,,2024-12-16,2025-12-16,12,8757.0,Renewed
C0076,O00146,A0195,C0075,2025-12-16,2028-12-16,36,7443.45,Active
C0077,O00149,A0154,,2025-11-07,2026-11-07,12,188056.0,Active
C0078,O00151,A0442,,2025-09-26,2026-09-26,12,194584.0,Active
C0079,O00153,A0056,,2025-12-24,2026-12-24,12,49841.0,Active
C0080,O00157,A0061,,2025-03-26,2026-03-26,12,17585.0,Churned
C0081,O00158,A0105,,2024-12-10,2025-12-10,12,11375.0,Churned
C0082,O00160,A0008,,2024-06-30,2026-06-30,24,288244.0,Active
C0083,O00161,A0386,,2025-07-20,2027-07-20,24,145201.0,Active
C0084,O00165,A0410,,2026-01-10,2027-01-10,12,13873.0,Active
C0085,O00168,A0065,,2024-09-23,2025-09-23,12,19311.0,Renewed
C0086,O00168,A0065,C0085,2025-09-23,2026-09-23,12,23173.2,Active
C0087,O00169,A0351,,2024-10-31,2025-10-31,12,36773.0,Churned
C0088,O00170,A0040,,2025-10-23,2026-10-23,12,289982.0,Active
C0089,O00174,A0275,,2025-11-01,2027-11-01,24,13268.0,Active
C0090,O00176,A0128,,2024-09-25,2025-09-25,12,12412.0,Churned
C0091,O00177,A0151,,2025-06-05,2027-06-05,24,34541.0,Active
C0092,O00178,A0231,,2025-04-15,2026-04-15,12,30230.0,Renewed
C0093,O00178,A0231,C0092,2026-04-15,2027-04-15,12,30230.0,Active
C0094,O00180,A0405,,2025-08-04,2028-08-04,36,11251.0,Active
C0095,O00183,A0394,,2024-09-21,2025-09-21,12,7425.0,Renewed
C0096,O00183,A0394,C0095,2025-09-21,2027-09-21,24,7425.0,Active
C0097,O00184,A0066,,2026-05-08,2028-05-08,24,7209.0,Active
C0098,O00191,A0143,,2026-05-20,2027-05-20,12,286881.0,Active
C0099,O00193,A0243,,2025-11-04,2027-11-04,24,59131.0,Active
C0100,O00194,A0167,,2025-08-11,2026-08-11,12,11445.0,Active
C0101,O00195,A0406,,2025-12-13,2026-12-13,12,15252.0,Active
C0102,O00197,A0225,,2025-02-21,2026-02-21,12,7158.0,Renewed
C0103,O00197,A0225,C0102,2026-02-21,2027-02-21,12,7158.0,Active
C0104,O00199,A0159,,2025-08-27,2026-08-27,12,19411.0,Active
C0105,O00200,A0370,,2024-07-09,2025-07-09,12,119834.0,Churned
C0106,O00204,A0368,,2026-04-01,2027-04-01,12,44928.0,Active
C0107,O00205,A0055,,2025-12-04,2027-12-04,24,12485.0,Active
C0108,O00207,A0072,,2024-11-16,2025-11-16,12,297551.0,Renewed
C0109,O00207,A0072,C0108,2025-11-16,2027-11-16,24,357061.2,Active
C0110,O00210,A0364,,2025-08-23,2026-08-23,12,13383.0,Active
C0111,O00212,A0059,,2025-05-12,2026-05-12,12,7155.0,Renewed
C0112,O00212,A0059,C0111,2026-05-12,2029-05-12,36,7155.0,Active
C0113,O00214,A0315,,2024-08-03,2025-08-03,12,18436.0,Renewed
C0114,O00214,A0315,C0113,2025-08-03,2027-08-03,24,15670.6,Active
C0115,O00215,A0302,,2025-01-11,2027-01-11,24,10424.0,Active
C0116,O00218,A0264,,2024-09-16,2027-09-16,36,217532.0,Active
C0117,O00219,A0345,,2025-06-26,2026-06-26,12,71654.0,Active
C0118,O00226,A0166,,2025-03-23,2026-03-23,12,19549.0,Renewed
C0119,O00226,A0166,C0118,2026-03-23,2027-03-23,12,16616.65,Active
C0120,O00228,A0186,,2024-12-24,2025-12-24,12,74359.0,Renewed
C0121,O00228,A0186,C0120,2025-12-24,2027-12-24,24,63205.15,Active
C0122,O00230,A0492,,2024-09-27,2025-09-27,12,13456.0,Renewed
C0123,O00230,A0492,C0122,2025-09-27,2027-09-27,24,13456.0,Active
C0124,O00231,A0023,,2024-09-04,2025-09-04,12,18895.0,Churned
C0125,O00232,A0157,,2025-04-05,2028-04-05,36,78466.0,Active
C0126,O00234,A0142,,2026-01-07,2027-01-07,12,9011.0,Active
C0127,O00235,A0192,,2026-04-03,2027-04-03,12,6410.0,Active
C0128,O00240,A0399,,2025-12-25,2027-12-25,24,41356.0,Active
C0129,O00241,A0487,,2026-04-14,2028-04-14,24,180615.0,Active
C0130,O00243,A0089,,2025-08-28,2026-08-28,12,186376.0,Active
C0131,O00258,A0085,,2026-05-24,2029-05-24,36,5845.0,Active
C0132,O00259,A0139,,2024-07-06,2025-07-06,12,7171.0,Churned
C0133,O00261,A0484,,2025-09-18,2026-09-18,12,14757.0,Active
C0134,O00262,A0368,,2024-07-27,2025-07-27,12,42614.0,Renewed
C0135,O00262,A0368,C0134,2025-07-27,2026-07-27,12,51136.8,Active
C0136,O00264,A0464,,2024-09-07,2027-09-07,36,49413.0,Active
C0137,O00265,A0460,,2025-02-18,2026-02-18,12,19063.0,Churned
C0138,O00266,A0336,,2025-02-17,2026-02-17,12,17623.0,Renewed
C0139,O00266,A0336,C0138,2026-02-17,2029-02-17,36,14979.55,Active
C0140,O00267,A0049,,2025-06-07,2026-06-07,12,6702.0,Active
C0141,O00272,A0306,,2025-10-13,2026-10-13,12,126777.0,Active
C0142,O00273,A0018,,2024-08-05,2025-08-05,12,6153.0,Renewed
C0143,O00273,A0018,C0142,2025-08-05,2026-08-05,12,7383.6,Active
C0144,O00274,A0134,,2025-10-30,2026-10-30,12,65878.0,Active
C0145,O00277,A0381,,2025-06-23,2026-06-23,12,9750.0,Active
C0146,O00279,A0499,,2026-05-18,2027-05-18,12,35629.0,Active
C0147,O00284,A0406,,2026-03-28,2028-03-28,24,17090.0,Active
C0148,O00285,A0297,,2025-10-24,2026-10-24,12,167950.0,Active
C0149,O00289,A0151,,2025-11-29,2026-11-29,12,47445.0,Active
C0150,O00290,A0233,,2024-10-07,2025-10-07,12,244223.0,Renewed
C0151,O00290,A0233,C0150,2025-10-07,2028-10-07,36,293067.6,Active
C0152,O00291,A0336,,2025-09-04,2026-09-04,12,5706.0,Active
C0153,O00299,A0124,,2025-01-03,2026-01-03,12,41449.0,Renewed
C0154,O00299,A0124,C0153,2026-01-03,2027-01-03,12,35231.65,Active
C0155,O00301,A0475,,2024-06-17,2025-06-17,12,114789.0,Renewed
C0156,O00301,A0475,C0155,2025-06-17,2026-06-17,12,137746.8,Active
C0157,O00302,A0292,,2025-10-08,2027-10-08,24,199233.0,Active
C0158,O00304,A0288,,2024-08-27,2025-08-27,12,33575.0,Renewed
C0159,O00304,A0288,C0158,2025-08-27,2026-08-27,12,28538.75,Active
C0160,O00305,A0183,,2026-03-06,2027-03-06,12,60575.0,Active
C0161,O00307,A0252,,2025-10-10,2026-10-10,12,11929.0,Active
C0162,O00309,A0090,,2025-01-16,2026-01-16,12,6260.0,Renewed
C0163,O00309,A0090,C0162,2026-01-16,2027-01-16,12,6260.0,Active
C0164,O00310,A0209,,2025-09-07,2028-09-07,36,64721.0,Active
C0165,O00313,A0145,,2025-01-04,2026-01-04,12,75411.0,Renewed
C0166,O00313,A0145,C0165,2026-01-04,2027-01-04,12,90493.2,Active
C0167,O00315,A0064,,2024-09-23,2025-09-23,12,9266.0,Churned
C0168,O00316,A0082,,2024-12-18,2025-12-18,12,39763.0,Renewed
C0169,O00316,A0082,C0168,2025-12-18,2026-12-18,12,47715.6,Active
C0170,O00319,A0309,,2026-02-09,2029-02-09,36,34441.0,Active
C0171,O00324,A0467,,2026-04-27,2027-04-27,12,58710.0,Active
C0172,O00325,A0069,,2024-09-03,2025-09-03,12,8047.0,Renewed
C0173,O00325,A0069,C0172,2025-09-03,2026-09-03,12,6839.95,Active
C0174,O00326,A0014,,2026-05-23,2029-05-23,36,5040.0,Active
C0175,O00327,A0454,,2025-11-11,2026-11-11,12,15564.0,Active
C0176,O00330,A0319,,2024-10-27,2026-10-27,24,10832.0,Active
C0177,O00334,A0039,,2025-05-19,2026-05-19,12,73663.0,Renewed
C0178,O00334,A0039,C0177,2026-05-19,2029-05-19,36,73663.0,Active
C0179,O00335,A0486,,2025-01-18,2026-01-18,12,7821.0,Renewed
C0180,O00335,A0486,C0179,2026-01-18,2027-01-18,12,6647.85,Active
C0181,O00337,A0379,,2026-01-20,2027-01-20,12,5696.0,Active
C0182,O00338,A0334,,2025-03-04,2026-03-04,12,17362.0,Renewed
C0183,O00338,A0334,C0182,2026-03-04,2028-03-04,24,17362.0,Active
C0184,O00339,A0423,,2025-11-04,2027-11-04,24,38178.0,Active
C0185,O00341,A0461,,2025-02-09,2026-02-09,12,75790.0,Renewed
C0186,O00341,A0461,C0185,2026-02-09,2027-02-09,12,75790.0,Active
C0187,O00342,A0213,,2024-11-03,2026-11-03,24,214807.0,Active
C0188,O00345,A0199,,2025-07-17,2026-07-17,12,13563.0,Active
C0189,O00346,A0085,,2025-09-22,2026-09-22,12,10959.0,Active
C0190,O00348,A0140,,2025-12-13,2027-12-13,24,70331.0,Active
C0191,O00349,A0035,,2025-07-06,2026-07-06,12,64440.0,Active
C0192,O00350,A0260,,2026-01-04,2027-01-04,12,13064.0,Active
C0193,O00354,A0296,,2025-05-20,2026-05-20,12,11189.0,Renewed
C0194,O00354,A0296,C0193,2026-05-20,2028-05-20,24,9510.65,Active
C0195,O00358,A0493,,2025-10-15,2026-10-15,12,44755.0,Active
C0196,O00359,A0334,,2025-02-06,2027-02-06,24,7730.0,Active
C0197,O00361,A0423,,2026-01-26,2029-01-26,36,26208.0,Active
C0198,O00363,A0010,,2025-02-26,2026-02-26,12,264374.0,Renewed
C0199,O00363,A0010,C0198,2026-02-26,2027-02-26,12,264374.0,Active
C0200,O00366,A0134,,2025-04-03,2028-04-03,36,38811.0,Active
C0201,O00368,A0395,,2025-10-05,2026-10-05,12,9551.0,Active
C0202,O00374,A0028,,2025-05-21,2027-05-21,24,71694.0,Active
C0203,O00375,A0434,,2025-03-28,2026-03-28,12,19051.0,Renewed
C0204,O00375,A0434,C0203,2026-03-28,2027-03-28,12,16193.35,Active
C0205,O00378,A0274,,2026-03-14,2027-03-14,12,10353.0,Active
C0206,O00379,A0101,,2025-02-20,2027-02-20,24,40024.0,Active
C0207,O00380,A0298,,2024-12-04,2025-12-04,12,187561.0,Renewed
C0208,O00380,A0298,C0207,2025-12-04,2026-12-04,12,187561.0,Active
C0209,O00382,A0324,,2025-02-07,2026-02-07,12,244266.0,Renewed
C0210,O00382,A0324,C0209,2026-02-07,2027-02-07,12,293119.2,Active
C0211,O00383,A0131,,2024-11-29,2026-11-29,24,25836.0,Active
C0212,O00384,A0337,,2025-05-28,2027-05-28,24,27766.0,Active
C0213,O00388,A0167,,2026-04-10,2027-04-10,12,8847.0,Active
C0214,O00391,A0141,,2026-03-12,2027-03-12,12,174527.0,Active
C0215,O00394,A0355,,2025-01-19,2027-01-19,24,12949.0,Active
C0216,O00396,A0384,,2026-01-19,2028-01-19,24,31833.0,Active
C0217,O00397,A0198,,2024-12-05,2026-12-05,24,58688.0,Active
C0218,O00398,A0478,,2026-03-28,2028-03-28,24,235767.0,Active
C0219,O00400,A0302,,2025-10-09,2026-10-09,12,6516.0,Active
C0220,O00401,A0324,,2025-05-28,2026-05-28,12,251459.0,Renewed
C0221,O00401,A0324,C0220,2026-05-28,2027-05-28,12,213740.15,Active
C0222,O00402,A0245,,2025-10-12,2028-10-12,36,19506.0,Active
C0223,O00405,A0125,,2024-07-15,2027-07-15,36,12007.0,Active
C0224,O00407,A0232,,2025-07-31,2026-07-31,12,17880.0,Active
C0225,O00411,A0346,,2024-06-21,2026-06-21,24,11471.0,Active
C0226,O00412,A0105,,2026-02-11,2028-02-11,24,15627.0,Active
C0227,O00414,A0101,,2024-07-10,2025-07-10,12,57318.0,Renewed
C0228,O00414,A0101,C0227,2025-07-10,2026-07-10,12,68781.6,Active
C0229,O00416,A0409,,2025-07-29,2026-07-29,12,12993.0,Active
C0230,O00422,A0057,,2025-06-06,2027-06-06,24,34856.0,Active
C0231,O00424,A0305,,2024-11-21,2025-11-21,12,106704.0,Renewed
C0232,O00424,A0305,C0231,2025-11-21,2026-11-21,12,128044.8,Active
C0233,O00426,A0485,,2025-07-04,2026-07-04,12,17602.0,Active
C0234,O00428,A0476,,2025-08-20,2026-08-20,12,13456.0,Active
C0235,O00429,A0170,,2025-07-04,2028-07-04,36,11580.0,Active
C0236,O00431,A0157,,2026-04-13,2028-04-13,24,42554.0,Active
C0237,O00432,A0395,,2025-10-17,2026-10-17,12,15682.0,Active
C0238,O00434,A0171,,2026-03-27,2028-03-27,24,61660.0,Active
C0239,O00435,A0056,,2025-07-21,2027-07-21,24,23928.0,Active
C0240,O00436,A0369,,2026-04-11,2027-04-11,12,12424.0,Active
C0241,O00440,A0202,,2026-02-11,2027-02-11,12,14158.0,Active
C0242,O00441,A0366,,2025-10-15,2026-10-15,12,47323.0,Active
C0243,O00442,A0107,,2025-08-13,2026-08-13,12,12755.0,Active
C0244,O00443,A0021,,2025-05-13,2026-05-13,12,120187.0,Renewed
C0245,O00443,A0021,C0244,2026-05-13,2028-05-13,24,120187.0,Active
C0246,O00444,A0025,,2025-10-26,2026-10-26,12,19651.0,Active
C0247,O00445,A0287,,2025-11-06,2026-11-06,12,57077.0,Active
C0248,O00446,A0334,,2026-05-08,2027-05-08,12,7440.0,Active
C0249,O00448,A0478,,2026-01-17,2028-01-17,24,222038.0,Active
C0250,O00449,A0266,,2026-04-04,2027-04-04,12,5310.0,Active
C0251,O00450,A0246,,2025-11-15,2026-11-15,12,86098.0,Active
C0252,O00451,A0143,,2025-08-20,2028-08-20,36,127885.0,Active
C0253,O00453,A0255,,2025-04-18,2027-04-18,24,53057.0,Active
C0254,O00456,A0212,,2026-04-15,2027-04-15,12,19933.0,Active
C0255,O00457,A0137,,2026-04-12,2027-04-12,12,9110.0,Active
C0256,O00461,A0352,,2024-10-30,2025-10-30,12,17492.0,Renewed
C0257,O00461,A0352,C0256,2025-10-30,2027-10-30,24,20990.4,Active
C0258,O00465,A0099,,2026-01-28,2027-01-28,12,18453.0,Active
C0259,O00467,A0441,,2024-09-07,2025-09-07,12,67769.0,Churned
C0260,O00468,A0214,,2025-09-16,2028-09-16,36,16028.0,Active
C0261,O00469,A0380,,2026-01-09,2027-01-09,12,19480.0,Active
C0262,O00475,A0433,,2025-10-27,2027-10-27,24,71607.0,Active
C0263,O00477,A0297,,2025-04-13,2026-04-13,12,130754.0,Renewed
C0264,O00477,A0297,C0263,2026-04-13,2027-04-13,12,196131.0,Active
C0265,O00479,A0235,,2025-11-03,2026-11-03,12,14884.0,Active
C0266,O00480,A0280,,2026-04-01,2027-04-01,12,5894.0,Active
C0267,O00482,A0439,,2026-03-06,2028-03-06,24,19918.0,Active
C0268,O00485,A0110,,2025-04-07,2028-04-07,36,148681.0,Active
C0269,O00493,A0102,,2025-08-04,2026-08-04,12,19142.0,Active
C0270,O00494,A0376,,2024-09-14,2025-09-14,12,39336.0,Churned
C0271,O00495,A0184,,2025-09-07,2026-09-07,12,52606.0,Active
C0272,O00498,A0377,,2025-06-29,2026-06-29,12,68484.0,Active
C0273,O00502,A0005,,2025-08-21,2027-08-21,24,73110.0,Active
C0274,O00503,A0164,,2024-11-11,2025-11-11,12,5380.0,Renewed
C0275,O00503,A0164,C0274,2025-11-11,2026-11-11,12,6456.0,Active
C0276,O00504,A0196,,2025-08-27,2026-08-27,12,179960.0,Active
C0277,O00507,A0455,,2025-09-29,2026-09-29,12,11407.0,Active
C0278,O00511,A0405,,2025-10-24,2026-10-24,12,7869.0,Active
C0279,O00515,A0375,,2025-07-25,2027-07-25,24,11244.0,Active
C0280,O00516,A0375,,2025-04-18,2026-04-18,12,12942.0,Renewed
C0281,O00516,A0375,C0280,2026-04-18,2027-04-18,12,15530.4,Active
C0282,O00517,A0010,,2025-09-27,2026-09-27,12,106349.0,Active
C0283,O00520,A0384,,2024-06-17,2025-06-17,12,36364.0,Churned
C0284,O00522,A0408,,2025-12-22,2027-12-22,24,41147.0,Active
C0285,O00523,A0087,,2025-09-29,2026-09-29,12,46354.0,Active
C0286,O00529,A0250,,2025-01-23,2027-01-23,24,8309.0,Active
C0287,O00537,A0077,,2025-10-06,2028-10-06,36,16905.0,Active
C0288,O00538,A0235,,2025-08-11,2027-08-11,24,7535.0,Active
C0289,O00540,A0082,,2025-08-16,2026-08-16,12,70000.0,Active
C0290,O00541,A0193,,2025-05-30,2026-05-30,12,47789.0,Churned
C0291,O00542,A0303,,2025-01-15,2026-01-15,12,16158.0,Renewed
C0292,O00542,A0303,C0291,2026-01-15,2027-01-15,12,13734.3,Active
C0293,O00545,A0389,,2025-07-28,2027-07-28,24,170280.0,Active
C0294,O00547,A0100,,2025-03-06,2026-03-06,12,7981.0,Renewed
C0295,O00547,A0100,C0294,2026-03-06,2028-03-06,24,9577.2,Active
C0296,O00549,A0139,,2024-11-02,2025-11-02,12,10605.0,Renewed
C0297,O00549,A0139,C0296,2025-11-02,2026-11-02,12,12726.0,Active
C0298,O00551,A0186,,2025-06-24,2027-06-24,24,78337.0,Active
C0299,O00553,A0266,,2026-04-11,2027-04-11,12,16456.0,Active
C0300,O00556,A0393,,2025-04-05,2026-04-05,12,16741.0,Churned
C0301,O00557,A0242,,2024-11-24,2025-11-24,12,13858.0,Churned
C0302,O00561,A0371,,2024-11-14,2025-11-14,12,8082.0,Renewed
C0303,O00561,A0371,C0302,2025-11-14,2027-11-14,24,9698.4,Active
C0304,O00572,A0326,,2025-10-08,2026-10-08,12,14722.0,Active
C0305,O00576,A0323,,2024-09-04,2025-09-04,12,48420.0,Renewed
C0306,O00576,A0323,C0305,2025-09-04,2026-09-04,12,41157.0,Active
C0307,O00577,A0269,,2026-02-05,2027-02-05,12,18307.0,Active
C0308,O00578,A0091,,2025-06-03,2026-06-03,12,14815.0,Active
C0309,O00581,A0157,,2026-01-01,2028-01-01,24,79689.0,Active
C0310,O00583,A0312,,2025-01-26,2026-01-26,12,6218.0,Renewed
C0311,O00583,A0312,C0310,2026-01-26,2028-01-26,24,9327.0,Active
C0312,O00587,A0390,,2024-08-30,2025-08-30,12,118359.0,Renewed
C0313,O00587,A0390,C0312,2025-08-30,2026-08-30,12,118359.0,Active
C0314,O00588,A0062,,2024-10-27,2025-10-27,12,54503.0,Churned
C0315,O00593,A0153,,2024-08-17,2025-08-17,12,17625.0,Renewed
C0316,O00593,A0153,C0315,2025-08-17,2026-08-17,12,17625.0,Active
C0317,O00594,A0278,,2025-12-16,2026-12-16,12,13074.0,Active
C0318,O00595,A0349,,2024-08-31,2025-08-31,12,46572.0,Renewed
C0319,O00595,A0349,C0318,2025-08-31,2026-08-31,12,39586.2,Active
C0320,O00598,A0257,,2024-10-30,2026-10-30,24,23336.0,Active
C0321,O00599,A0059,,2026-02-26,2029-02-26,36,9901.0,Active
C0322,O00601,A0231,,2025-02-27,2026-02-27,12,39552.0,Renewed
C0323,O00601,A0231,C0322,2026-02-27,2027-02-27,12,33619.2,Active
C0324,O00603,A0188,,2024-10-13,2025-10-13,12,10971.0,Renewed
C0325,O00603,A0188,C0324,2025-10-13,2027-10-13,24,13165.2,Active
C0326,O00604,A0003,,2025-04-01,2026-04-01,12,19476.0,Renewed
C0327,O00604,A0003,C0326,2026-04-01,2027-04-01,12,19476.0,Active
C0328,O00608,A0299,,2024-10-14,2025-10-14,12,82104.0,Renewed
C0329,O00608,A0299,C0328,2025-10-14,2026-10-14,12,82104.0,Active
C0330,O00610,A0351,,2026-05-10,2027-05-10,12,52920.0,Active
C0331,O00613,A0160,,2025-07-08,2026-07-08,12,92466.0,Active
C0332,O00614,A0127,,2026-04-18,2027-04-18,12,208787.0,Active
C0333,O00621,A0376,,2025-05-11,2027-05-11,24,45175.0,Active
C0334,O00623,A0060,,2026-03-11,2028-03-11,24,34675.0,Active
C0335,O00624,A0026,,2024-06-05,2025-06-05,12,9079.0,Renewed
C0336,O00624,A0026,C0335,2025-06-05,2026-06-05,12,7717.15,Active
C0337,O00625,A0353,,2025-06-04,2027-06-04,24,223989.0,Active
C0338,O00629,A0285,,2024-12-12,2026-12-12,24,67807.0,Active
C0339,O00635,A0214,,2025-09-13,2026-09-13,12,7414.0,Active
C0340,O00636,A0141,,2024-07-14,2025-07-14,12,99998.0,Renewed
C0341,O00636,A0141,C0340,2025-07-14,2026-07-14,12,149997.0,Active
C0342,O00642,A0375,,2024-07-03,2026-07-03,24,16519.0,Active
C0343,O00644,A0457,,2025-01-12,2026-01-12,12,8973.0,Churned
C0344,O00645,A0483,,2024-10-17,2025-10-17,12,11089.0,Churned
C0345,O00652,A0098,,2025-08-06,2026-08-06,12,27104.0,Active
C0346,O00653,A0006,,2025-01-26,2026-01-26,12,161033.0,Renewed
C0347,O00653,A0006,C0346,2026-01-26,2027-01-26,12,193239.6,Active
C0348,O00656,A0192,,2024-11-12,2026-11-12,24,14606.0,Active
C0349,O00666,A0322,,2024-10-01,2025-10-01,12,19747.0,Renewed
C0350,O00666,A0322,C0349,2025-10-01,2026-10-01,12,16784.95,Active
C0351,O00668,A0285,,2025-09-19,2026-09-19,12,59392.0,Active
C0352,O00669,A0212,,2025-03-05,2027-03-05,24,9129.0,Active
C0353,O00671,A0241,,2025-11-08,2026-11-08,12,13773.0,Active
C0354,O00676,A0008,,2025-11-25,2027-11-25,24,293327.0,Active
C0355,O00679,A0498,,2026-02-13,2027-02-13,12,18204.0,Active
C0356,O00680,A0317,,2025-08-31,2026-08-31,12,52988.0,Active
C0357,O00685,A0160,,2025-11-04,2026-11-04,12,121535.0,Active
C0358,O00686,A0131,,2024-09-04,2025-09-04,12,56235.0,Renewed
C0359,O00686,A0131,C0358,2025-09-04,2026-09-04,12,67482.0,Active
C0360,O00687,A0354,,2025-01-02,2026-01-02,12,25162.0,Churned
C0361,O00688,A0111,,2025-09-19,2026-09-19,12,32702.0,Active
C0362,O00689,A0320,,2024-12-08,2027-12-08,36,14492.0,Active
C0363,O00690,A0423,,2024-08-13,2025-08-13,12,79815.0,Churned
C0364,O00693,A0128,,2025-11-04,2027-11-04,24,6992.0,Active
C0365,O00696,A0444,,2026-04-20,2028-04-20,24,38421.0,Active
C0366,O00700,A0123,,2025-07-15,2027-07-15,24,8525.0,Active
C0367,O00703,A0250,,2026-02-16,2027-02-16,12,9496.0,Active
C0368,O00705,A0264,,2025-08-01,2026-08-01,12,168444.0,Active
C0369,O00706,A0157,,2025-12-05,2026-12-05,12,60129.0,Active
C0370,O00707,A0015,,2025-09-20,2028-09-20,36,5783.0,Active
C0371,O00712,A0324,,2024-09-22,2025-09-22,12,133973.0,Churned
C0372,O00714,A0053,,2026-04-13,2028-04-13,24,28523.0,Active
C0373,O00715,A0344,,2024-11-05,2025-11-05,12,19251.0,Renewed
C0374,O00715,A0344,C0373,2025-11-05,2026-11-05,12,19251.0,Active
C0375,O00716,A0331,,2024-10-24,2026-10-24,24,49664.0,Active
C0376,O00717,A0027,,2025-09-13,2026-09-13,12,151457.0,Active
C0377,O00718,A0247,,2024-10-12,2025-10-12,12,12103.0,Churned
C0378,O00727,A0206,,2024-08-23,2025-08-23,12,34434.0,Churned
C0379,O00729,A0295,,2025-07-12,2026-07-12,12,38104.0,Active
C0380,O00731,A0244,,2025-01-03,2026-01-03,12,6058.0,Churned
C0381,O00732,A0177,,2025-04-20,2027-04-20,24,74664.0,Active
C0382,O00734,A0406,,2025-02-24,2026-02-24,12,15437.0,Churned
C0383,O00735,A0403,,2025-08-07,2026-08-07,12,7280.0,Active
C0384,O00738,A0479,,2025-03-03,2026-03-03,12,11896.0,Renewed
C0385,O00738,A0479,C0384,2026-03-03,2027-03-03,12,11896.0,Active
C0386,O00739,A0147,,2024-08-20,2025-08-20,12,17375.0,Renewed
C0387,O00739,A0147,C0386,2025-08-20,2026-08-20,12,17375.0,Active
C0388,O00740,A0028,,2024-11-12,2025-11-12,12,74387.0,Renewed
C0389,O00740,A0028,C0388,2025-11-12,2026-11-12,12,63228.95,Active
C0390,O00741,A0293,,2025-11-26,2027-11-26,24,53477.0,Active
C0391,O00742,A0320,,2025-09-29,2026-09-29,12,7535.0,Active
C0392,O00743,A0061,,2025-10-23,2027-10-23,24,6587.0,Active
C0393,O00747,A0213,,2024-07-20,2026-07-20,24,87332.0,Active
C0394,O00752,A0293,,2025-01-31,2028-01-31,36,74387.0,Active
C0395,O00754,A0033,,2024-11-06,2026-11-06,24,15025.0,Active
C0396,O00755,A0161,,2026-03-20,2027-03-20,12,16447.0,Active
C0397,O00758,A0456,,2026-01-21,2029-01-21,36,15522.0,Active
C0398,O00759,A0401,,2026-01-02,2027-01-02,12,12190.0,Active
C0399,O00760,A0026,,2025-03-11,2027-03-11,24,13856.0,Active
C0400,O00762,A0292,,2025-04-06,2027-04-06,24,148957.0,Active
C0401,O00765,A0065,,2025-03-11,2026-03-11,12,16851.0,Renewed
C0402,O00765,A0065,C0401,2026-03-11,2027-03-11,12,14323.35,Active
C0403,O00767,A0215,,2026-02-25,2027-02-25,12,11993.0,Active
C0404,O00769,A0125,,2025-03-29,2027-03-29,24,5931.0,Active
C0405,O00770,A0065,,2024-08-16,2025-08-16,12,11517.0,Renewed
C0406,O00770,A0065,C0405,2025-08-16,2026-08-16,12,11517.0,Active
C0407,O00773,A0153,,2025-01-21,2026-01-21,12,14059.0,Renewed
C0408,O00773,A0153,C0407,2026-01-21,2027-01-21,12,11950.15,Active
C0409,O00774,A0058,,2025-09-01,2026-09-01,12,52696.0,Active
C0410,O00779,A0191,,2025-03-05,2028-03-05,36,17216.0,Active
C0411,O00780,A0198,,2026-04-21,2029-04-21,36,60340.0,Active
C0412,O00784,A0343,,2025-03-20,2026-03-20,12,76398.0,Churned
C0413,O00791,A0237,,2026-01-24,2027-01-24,12,54370.0,Active
C0414,O00792,A0116,,2025-09-18,2027-09-18,24,10157.0,Active
C0415,O00794,A0338,,2025-06-10,2027-06-10,24,15910.0,Active
C0416,O00800,A0295,,2026-01-18,2027-01-18,12,73746.0,Active
C0417,O00802,A0290,,2025-05-31,2026-05-31,12,75316.0,Renewed
C0418,O00802,A0290,C0417,2026-05-31,2027-05-31,12,75316.0,Active
C0419,O00804,A0060,,2025-04-02,2028-04-02,36,37946.0,Active
C0420,O00806,A0098,,2025-03-31,2026-03-31,12,52005.0,Renewed
C0421,O00806,A0098,C0420,2026-03-31,2027-03-31,12,44204.25,Active
C0422,O00811,A0189,,2025-10-18,2026-10-18,12,8607.0,Active
C0423,O00812,A0476,,2024-09-21,2026-09-21,24,19043.0,Active
C0424,O00813,A0132,,2025-11-11,2028-11-11,36,11230.0,Active
C0425,O00817,A0108,,2025-07-23,2026-07-23,12,75770.0,Active
C0426,O00819,A0111,,2024-11-29,2025-11-29,12,77384.0,Churned
C0427,O00821,A0106,,2025-09-06,2027-09-06,24,55092.0,Active
C0428,O00822,A0277,,2025-11-13,2026-11-13,12,36299.0,Active
C0429,O00823,A0013,,2024-10-28,2025-10-28,12,15347.0,Renewed
C0430,O00823,A0013,C0429,2025-10-28,2028-10-28,36,13044.95,Active
C0431,O00828,A0289,,2025-11-07,2026-11-07,12,5407.0,Active
C0432,O00831,A0345,,2025-03-19,2026-03-19,12,59238.0,Churned
C0433,O00837,A0361,,2025-12-18,2026-12-18,12,18965.0,Active
C0434,O00839,A0176,,2024-12-05,2025-12-05,12,14161.0,Renewed
C0435,O00839,A0176,C0434,2025-12-05,2026-12-05,12,14161.0,Active
C0436,O00840,A0184,,2026-05-16,2028-05-16,24,70265.0,Active
C0437,O00843,A0074,,2024-07-22,2025-07-22,12,7700.0,Renewed
C0438,O00843,A0074,C0437,2025-07-22,2026-07-22,12,11550.0,Active
C0439,O00844,A0251,,2025-09-26,2026-09-26,12,6921.0,Active
C0440,O00848,A0181,,2025-06-14,2027-06-14,24,32772.0,Active
C0441,O00851,A0448,,2024-08-29,2025-08-29,12,7509.0,Churned
C0442,O00853,A0425,,2025-08-14,2027-08-14,24,10185.0,Active
C0443,O00857,A0483,,2025-08-28,2026-08-28,12,17561.0,Active
C0444,O00859,A0283,,2024-12-13,2025-12-13,12,11782.0,Renewed
C0445,O00859,A0283,C0444,2025-12-13,2027-12-13,24,10014.7,Active
C0446,O00863,A0259,,2025-06-30,2028-06-30,36,61360.0,Active
C0447,O00864,A0053,,2025-11-11,2027-11-11,24,43519.0,Active
C0448,O00865,A0082,,2025-11-17,2027-11-17,24,55833.0,Active
C0449,O00869,A0486,,2025-10-16,2026-10-16,12,10067.0,Active
C0450,O00874,A0111,,2025-06-19,2026-06-19,12,59880.0,Active
C0451,O00875,A0323,,2025-09-16,2026-09-16,12,29049.0,Active
C0452,O00876,A0194,,2025-01-12,2027-01-12,24,295292.0,Active
C0453,O00880,A0192,,2026-04-15,2027-04-15,12,16054.0,Active
C0454,O00882,A0169,,2024-12-24,2027-12-24,36,39408.0,Active
C0455,O00884,A0073,,2026-04-11,2028-04-11,24,52338.0,Active
C0456,O00885,A0285,,2026-02-21,2027-02-21,12,22663.0,Active
C0457,O00887,A0483,,2026-03-20,2027-03-20,12,18003.0,Active
C0458,O00889,A0340,,2025-10-27,2027-10-27,24,37870.0,Active
C0459,O00894,A0158,,2025-01-20,2028-01-20,36,256816.0,Active
C0460,O00896,A0049,,2024-12-26,2026-12-26,24,8576.0,Active
C0461,O00909,A0379,,2025-06-21,2028-06-21,36,14499.0,Active
C0462,O00910,A0133,,2026-01-04,2028-01-04,24,10407.0,Active
C0463,O00912,A0186,,2025-01-29,2026-01-29,12,43771.0,Churned
C0464,O00915,A0427,,2026-05-16,2027-05-16,12,40597.0,Active
C0465,O00916,A0335,,2024-11-18,2025-11-18,12,6060.0,Churned
C0466,O00918,A0314,,2026-01-29,2027-01-29,12,10398.0,Active
C0467,O00920,A0133,,2024-10-11,2026-10-11,24,9546.0,Active
C0468,O00926,A0033,,2025-07-01,2026-07-01,12,12078.0,Active
C0469,O00927,A0116,,2025-11-22,2026-11-22,12,10033.0,Active
C0470,O00930,A0158,,2024-07-18,2025-07-18,12,160744.0,Churned
C0471,O00932,A0192,,2026-03-11,2027-03-11,12,14143.0,Active
C0472,O00934,A0029,,2024-10-17,2025-10-17,12,10614.0,Churned
C0473,O00941,A0488,,2024-10-22,2026-10-22,24,71156.0,Active
C0474,O00944,A0162,,2025-07-15,2028-07-15,36,29862.0,Active
C0475,O00945,A0178,,2025-01-25,2027-01-25,24,267407.0,Active
C0476,O00947,A0496,,2024-08-01,2025-08-01,12,141074.0,Renewed
C0477,O00947,A0496,C0476,2025-08-01,2027-08-01,24,119912.9,Active
C0478,O00953,A0071,,2025-01-01,2026-01-01,12,9079.0,Renewed
C0479,O00953,A0071,C0478,2026-01-01,2028-01-01,24,9079.0,Active
C0480,O00955,A0371,,2024-11-17,2026-11-17,24,18276.0,Active
C0481,O00956,A0133,,2025-09-17,2026-09-17,12,10260.0,Active
C0482,O00957,A0382,,2025-05-14,2026-05-14,12,269404.0,Renewed
C0483,O00957,A0382,C0482,2026-05-14,2027-05-14,12,269404.0,Active
C0484,O00960,A0416,,2024-10-30,2025-10-30,12,14359.0,Churned
C0485,O00961,A0308,,2025-06-17,2026-06-17,12,9092.0,Active
C0486,O00962,A0494,,2025-08-01,2027-08-01,24,37480.0,Active
C0487,O00963,A0400,,2024-06-27,2025-06-27,12,61410.0,Churned
C0488,O00964,A0006,,2026-03-23,2028-03-23,24,206032.0,Active
C0489,O00970,A0116,,2025-02-01,2026-02-01,12,13697.0,Churned
C0490,O00971,A0077,,2025-07-11,2026-07-11,12,14988.0,Active
C0491,O00972,A0161,,2026-01-12,2027-01-12,12,16821.0,Active
C0492,O00978,A0302,,2026-01-02,2027-01-02,12,14814.0,Active
C0493,O00986,A0325,,2025-11-05,2026-11-05,12,68542.0,Active
C0494,O00992,A0222,,2024-07-21,2026-07-21,24,5668.0,Active
C0495,O00993,A0221,,2024-07-12,2025-07-12,12,73184.0,Renewed
C0496,O00993,A0221,C0495,2025-07-12,2027-07-12,24,62206.4,Active
C0497,O00995,A0186,,2025-07-29,2027-07-29,24,78985.0,Active
C0498,O00996,A0124,,2026-01-30,2028-01-30,24,55276.0,Active
C0499,O00998,A0296,,2025-11-02,2026-11-02,12,6059.0,Active
C0500,O01000,A0353,,2025-05-30,2027-05-30,24,114958.0,Active
C0501,O01003,A0380,,2024-11-22,2025-11-22,12,7938.0,Renewed
C0502,O01003,A0380,C0501,2025-11-22,2026-11-22,12,9525.6,Active
C0503,O01005,A0354,,2025-08-08,2028-08-08,36,77610.0,Active
C0504,O01007,A0001,,2024-07-27,2025-07-27,12,54676.0,Renewed
C0505,O01007,A0001,C0504,2025-07-27,2026-07-27,12,82014.0,Active
C0506,O01009,A0221,,2025-09-07,2026-09-07,12,75441.0,Active
C0507,O01010,A0061,,2025-02-16,2026-02-16,12,10106.0,Churned
C0508,O01014,A0379,,2025-02-04,2026-02-04,12,15538.0,Churned
C0509,O01017,A0014,,2024-09-19,2025-09-19,12,9963.0,Churned
C0510,O01019,A0307,,2024-12-14,2027-12-14,36,5741.0,Active
C0511,O01020,A0493,,2024-08-25,2025-08-25,12,45553.0,Renewed
C0512,O01020,A0493,C0511,2025-08-25,2026-08-25,12,54663.6,Active
C0513,O01022,A0346,,2025-10-26,2026-10-26,12,11813.0,Active
C0514,O01023,A0225,,2024-09-30,2027-09-30,36,15861.0,Active
C0515,O01026,A0115,,2024-10-25,2025-10-25,12,18649.0,Renewed
C0516,O01026,A0115,C0515,2025-10-25,2026-10-25,12,15851.65,Active
C0517,O01029,A0253,,2025-11-05,2026-11-05,12,139044.0,Active
C0518,O01030,A0279,,2026-05-06,2027-05-06,12,7348.0,Active
C0519,O01032,A0030,,2026-03-23,2027-03-23,12,11349.0,Active
C0520,O01035,A0484,,2025-08-08,2026-08-08,12,9214.0,Active
C0521,O01043,A0005,,2025-04-17,2026-04-17,12,76508.0,Renewed
C0522,O01043,A0005,C0521,2026-04-17,2028-04-17,24,114762.0,Active
C0523,O01045,A0451,,2025-10-01,2026-10-01,12,29962.0,Active
C0524,O01051,A0209,,2025-05-07,2026-05-07,12,31079.0,Renewed
C0525,O01051,A0209,C0524,2026-05-07,2029-05-07,36,31079.0,Active
C0526,O01053,A0380,,2024-10-05,2025-10-05,12,12505.0,Churned
C0527,O01055,A0204,,2026-01-09,2029-01-09,36,42421.0,Active
C0528,O01057,A0054,,2025-04-01,2027-04-01,24,24876.0,Active
C0529,O01059,A0100,,2024-11-21,2026-11-21,24,17223.0,Active
C0530,O01074,A0310,,2025-06-10,2026-06-10,12,15020.0,Active
C0531,O01075,A0032,,2025-02-25,2026-02-25,12,12324.0,Renewed
C0532,O01075,A0032,C0531,2026-02-25,2027-02-25,12,10475.4,Active
C0533,O01076,A0171,,2025-05-01,2026-05-01,12,72023.0,Renewed
C0534,O01076,A0171,C0533,2026-05-01,2027-05-01,12,72023.0,Active
C0535,O01079,A0097,,2024-10-27,2026-10-27,24,70459.0,Active
C0536,O01081,A0095,,2024-12-13,2025-12-13,12,236653.0,Churned
C0537,O01082,A0410,,2024-07-22,2026-07-22,24,5178.0,Active
C0538,O01083,A0455,,2026-02-08,2027-02-08,12,7418.0,Active
C0539,O01088,A0118,,2025-07-27,2026-07-27,12,69457.0,Active
C0540,O01094,A0101,,2025-07-30,2027-07-30,24,59820.0,Active
C0541,O01095,A0336,,2025-06-26,2026-06-26,12,17615.0,Active
C0542,O01096,A0374,,2025-06-10,2026-06-10,12,298347.0,Active
C0543,O01097,A0422,,2024-12-19,2025-12-19,12,8552.0,Renewed
C0544,O01097,A0422,C0543,2025-12-19,2026-12-19,12,7269.2,Active
C0545,O01099,A0443,,2025-02-26,2026-02-26,12,18970.0,Churned
C0546,O01101,A0012,,2025-03-04,2027-03-04,24,17622.0,Active
C0547,O01107,A0218,,2024-10-11,2025-10-11,12,16517.0,Renewed
C0548,O01107,A0218,C0547,2025-10-11,2026-10-11,12,24775.5,Active
C0549,O01109,A0234,,2026-01-03,2027-01-03,12,10692.0,Active
C0550,O01111,A0430,,2025-01-19,2026-01-19,12,15241.0,Renewed
C0551,O01111,A0430,C0550,2026-01-19,2028-01-19,24,15241.0,Active
C0552,O01113,A0003,,2026-05-20,2028-05-20,24,14018.0,Active
C0553,O01114,A0469,,2025-07-27,2026-07-27,12,217133.0,Active
C0554,O01115,A0078,,2025-10-19,2026-10-19,12,261912.0,Active
C0555,O01118,A0151,,2026-04-03,2027-04-03,12,45411.0,Active
C0556,O01121,A0044,,2026-05-29,2028-05-29,24,146101.0,Active
C0557,O01123,A0468,,2026-01-24,2027-01-24,12,12281.0,Active
C0558,O01125,A0055,,2025-11-30,2027-11-30,24,7536.0,Active
C0559,O01126,A0387,,2026-04-05,2027-04-05,12,22875.0,Active
C0560,O01129,A0140,,2025-02-25,2028-02-25,36,56522.0,Active
C0561,O01130,A0438,,2026-04-24,2028-04-24,24,6982.0,Active
C0562,O01132,A0151,,2025-11-01,2026-11-01,12,68931.0,Active
C0563,O01133,A0441,,2025-02-24,2027-02-24,24,28982.0,Active
C0564,O01135,A0239,,2025-10-22,2028-10-22,36,99029.0,Active
C0565,O01136,A0216,,2026-05-02,2027-05-02,12,19265.0,Active
C0566,O01143,A0132,,2024-12-27,2025-12-27,12,11944.0,Renewed
C0567,O01143,A0132,C0566,2025-12-27,2026-12-27,12,11944.0,Active
C0568,O01144,A0103,,2025-06-15,2027-06-15,24,201291.0,Active
C0569,O01145,A0444,,2025-04-24,2026-04-24,12,73056.0,Churned
C0570,O01149,A0181,,2025-03-09,2026-03-09,12,72513.0,Churned
C0571,O01151,A0360,,2026-04-18,2027-04-18,12,9656.0,Active
C0572,O01152,A0012,,2025-02-02,2026-02-02,12,14570.0,Renewed
C0573,O01152,A0012,C0572,2026-02-02,2027-02-02,12,14570.0,Active
C0574,O01153,A0490,,2025-08-11,2026-08-11,12,9419.0,Active
C0575,O01154,A0140,,2026-04-09,2027-04-09,12,20207.0,Active
C0576,O01155,A0223,,2025-08-31,2027-08-31,24,119422.0,Active
C0577,O01156,A0395,,2026-04-15,2027-04-15,12,13584.0,Active
C0578,O01157,A0301,,2025-02-08,2028-02-08,36,65805.0,Active
C0579,O01159,A0401,,2025-10-07,2026-10-07,12,11371.0,Active
C0580,O01160,A0115,,2024-11-29,2026-11-29,24,11006.0,Active
C0581,O01163,A0034,,2025-02-08,2026-02-08,12,19283.0,Renewed
C0582,O01163,A0034,C0581,2026-02-08,2028-02-08,24,23139.6,Active
C0583,O01164,A0404,,2024-12-08,2025-12-08,12,32804.0,Renewed
C0584,O01164,A0404,C0583,2025-12-08,2028-12-08,36,32804.0,Active
C0585,O01167,A0067,,2025-06-10,2026-06-10,12,19117.0,Active
C0586,O01171,A0150,,2025-07-15,2026-07-15,12,59609.0,Active
C0587,O01174,A0462,,2026-05-09,2028-05-09,24,157442.0,Active
C0588,O01175,A0021,,2025-11-29,2026-11-29,12,205687.0,Active
C0589,O01178,A0034,,2025-11-06,2027-11-06,24,7512.0,Active
C0590,O01179,A0192,,2024-10-05,2025-10-05,12,11461.0,Renewed
C0591,O01179,A0192,C0590,2025-10-05,2026-10-05,12,11461.0,Active
C0592,O01181,A0133,,2026-04-30,2027-04-30,12,12907.0,Active
C0593,O01183,A0418,,2025-04-13,2026-04-13,12,14662.0,Churned
C0594,O01184,A0151,,2025-06-07,2026-06-07,12,67466.0,Active
C0595,O01185,A0441,,2026-05-17,2028-05-17,24,36301.0,Active
C0596,O01187,A0237,,2025-02-25,2027-02-25,24,22005.0,Active
C0597,O01188,A0203,,2025-05-21,2027-05-21,24,18917.0,Active
C0598,O01192,A0449,,2025-05-29,2026-05-29,12,18503.0,Renewed
C0599,O01192,A0449,C0598,2026-05-29,2027-05-29,12,15727.55,Active
C0600,O01194,A0345,,2026-05-22,2027-05-22,12,22099.0,Active
C0601,O01196,A0040,,2024-11-23,2025-11-23,12,234057.0,Renewed
C0602,O01196,A0040,C0601,2025-11-23,2026-11-23,12,234057.0,Active
C0603,O01197,A0120,,2026-02-27,2028-02-27,24,12890.0,Active
C0604,O01198,A0183,,2025-02-07,2028-02-07,36,45611.0,Active
C0605,O01202,A0172,,2025-12-16,2026-12-16,12,15074.0,Active
C0606,O01204,A0020,,2025-12-05,2027-12-05,24,16781.0,Active
C0607,O01206,A0133,,2026-05-04,2029-05-04,36,19606.0,Active
C0608,O01207,A0477,,2024-08-12,2025-08-12,12,12360.0,Renewed
C0609,O01207,A0477,C0608,2025-08-12,2027-08-12,24,10506.0,Active
C0610,O01212,A0499,,2024-10-11,2026-10-11,24,65321.0,Active
C0611,O01215,A0384,,2026-01-24,2027-01-24,12,24157.0,Active
C0612,O01216,A0427,,2025-09-10,2026-09-10,12,71948.0,Active
C0613,O01224,A0384,,2026-02-03,2029-02-03,36,40860.0,Active
C0614,O01228,A0470,,2024-12-17,2026-12-17,24,78656.0,Active
C0615,O01229,A0236,,2026-01-19,2027-01-19,12,67759.0,Active
C0616,O01234,A0067,,2026-03-19,2027-03-19,12,8573.0,Active
C0617,O01236,A0332,,2025-01-13,2026-01-13,12,19053.0,Renewed
C0618,O01236,A0332,C0617,2026-01-13,2028-01-13,24,19053.0,Active
C0619,O01242,A0443,,2026-05-06,2027-05-06,12,8952.0,Active
C0620,O01245,A0301,,2025-02-24,2026-02-24,12,56963.0,Renewed
C0621,O01245,A0301,C0620,2026-02-24,2027-02-24,12,68355.6,Active
C0622,O01247,A0069,,2026-01-10,2027-01-10,12,11729.0,Active
C0623,O01248,A0111,,2024-07-03,2025-07-03,12,34059.0,Renewed
C0624,O01248,A0111,C0623,2025-07-03,2026-07-03,12,40870.8,Active
C0625,O01249,A0447,,2024-09-08,2026-09-08,24,104505.0,Active
C0626,O01250,A0023,,2024-08-31,2027-08-31,36,16288.0,Active
C0627,O01253,A0098,,2026-04-05,2027-04-05,12,33701.0,Active
C0628,O01259,A0418,,2025-11-16,2026-11-16,12,8215.0,Active
C0629,O01266,A0372,,2025-10-19,2026-10-19,12,61749.0,Active
C0630,O01267,A0316,,2025-05-21,2027-05-21,24,14910.0,Active
C0631,O01269,A0382,,2025-10-31,2026-10-31,12,211443.0,Active
C0632,O01270,A0332,,2024-10-01,2025-10-01,12,19512.0,Churned
C0633,O01271,A0062,,2025-05-14,2026-05-14,12,47064.0,Renewed
C0634,O01271,A0062,C0633,2026-05-14,2027-05-14,12,40004.4,Active
C0635,O01272,A0188,,2024-09-12,2025-09-12,12,5686.0,Churned
C0636,O01274,A0024,,2024-12-01,2025-12-01,12,7005.0,Churned
C0637,O01276,A0094,,2026-04-29,2027-04-29,12,249801.0,Active
C0638,O01279,A0042,,2025-09-12,2026-09-12,12,90689.0,Active
C0639,O01281,A0365,,2025-04-24,2026-04-24,12,63821.0,Renewed
C0640,O01281,A0365,C0639,2026-04-24,2027-04-24,12,63821.0,Active
C0641,O01282,A0012,,2025-12-25,2026-12-25,12,8700.0,Active
C0642,O01285,A0111,,2026-04-26,2029-04-26,36,29267.0,Active
C0643,O01286,A0304,,2025-03-05,2028-03-05,36,33016.0,Active
C0644,O01290,A0167,,2026-02-26,2027-02-26,12,15433.0,Active
C0645,O01295,A0348,,2025-09-18,2026-09-18,12,19045.0,Active
C0646,O01297,A0214,,2024-08-09,2025-08-09,12,18869.0,Renewed
C0647,O01297,A0214,C0646,2025-08-09,2028-08-09,36,18869.0,Active
C0648,O01298,A0410,,2024-09-30,2026-09-30,24,17496.0,Active
C0649,O01302,A0369,,2026-04-10,2028-04-10,24,13660.0,Active
C0650,O01303,A0346,,2026-02-05,2027-02-05,12,5295.0,Active
C0651,O01312,A0449,,2026-05-20,2029-05-20,36,11676.0,Active
C0652,O01314,A0204,,2025-12-06,2027-12-06,24,24771.0,Active
C0653,O01319,A0188,,2026-04-02,2027-04-02,12,5917.0,Active
C0654,O01323,A0363,,2024-11-07,2025-11-07,12,296532.0,Renewed
C0655,O01323,A0363,C0654,2025-11-07,2026-11-07,12,444798.0,Active
C0656,O01324,A0199,,2025-01-03,2026-01-03,12,13584.0,Churned
C0657,O01330,A0143,,2024-10-04,2025-10-04,12,93867.0,Churned
C0658,O01334,A0122,,2025-07-08,2026-07-08,12,27535.0,Active
C0659,O01337,A0086,,2024-09-06,2026-09-06,24,8668.0,Active
C0660,O01340,A0274,,2025-04-28,2026-04-28,12,5264.0,Renewed
C0661,O01340,A0274,C0660,2026-04-28,2027-04-28,12,5264.0,Active
C0662,O01342,A0368,,2025-03-17,2027-03-17,24,53567.0,Active
C0663,O01343,A0457,,2025-02-07,2026-02-07,12,16391.0,Renewed
C0664,O01343,A0457,C0663,2026-02-07,2029-02-07,36,13932.35,Active
C0665,O01345,A0231,,2026-03-09,2027-03-09,12,60005.0,Active
C0666,O01346,A0418,,2024-10-02,2025-10-02,12,10244.0,Churned
C0667,O01347,A0342,,2024-07-24,2025-07-24,12,17982.0,Churned
C0668,O01348,A0310,,2024-12-20,2025-12-20,12,16233.0,Churned
C0669,O01351,A0287,,2026-05-01,2027-05-01,12,26756.0,Active
C0670,O01355,A0144,,2026-05-09,2028-05-09,24,148604.0,Active
C0671,O01357,A0183,,2024-11-05,2025-11-05,12,45855.0,Renewed
C0672,O01357,A0183,C0671,2025-11-05,2026-11-05,12,38976.75,Active
C0673,O01360,A0397,,2026-03-31,2027-03-31,12,5576.0,Active
C0674,O01363,A0397,,2024-10-30,2026-10-30,24,12369.0,Active
C0675,O01369,A0426,,2025-12-23,2026-12-23,12,54392.0,Active
C0676,O01372,A0053,,2026-02-26,2027-02-26,12,28763.0,Active
C0677,O01373,A0030,,2025-08-20,2026-08-20,12,17096.0,Active
C0678,O01375,A0374,,2025-06-30,2028-06-30,36,175207.0,Active
C0679,O01380,A0276,,2025-03-13,2026-03-13,12,8874.0,Renewed
C0680,O01380,A0276,C0679,2026-03-13,2027-03-13,12,7542.9,Active
C0681,O01383,A0424,,2025-09-05,2026-09-05,12,14539.0,Active
C0682,O01384,A0380,,2025-06-21,2026-06-21,12,19920.0,Active
C0683,O01386,A0095,,2025-12-12,2026-12-12,12,89871.0,Active
C0684,O01387,A0432,,2025-09-08,2026-09-08,12,12182.0,Active
C0685,O01393,A0042,,2024-10-30,2025-10-30,12,260033.0,Churned
C0686,O01395,A0058,,2024-07-25,2025-07-25,12,45072.0,Renewed
C0687,O01395,A0058,C0686,2025-07-25,2026-07-25,12,45072.0,Active
C0688,O01399,A0164,,2024-06-23,2027-06-23,36,7205.0,Active
C0689,O01401,A0390,,2025-01-22,2027-01-22,24,232950.0,Active
C0690,O01405,A0141,,2025-03-24,2026-03-24,12,250418.0,Renewed
C0691,O01405,A0141,C0690,2026-03-24,2027-03-24,12,212855.3,Active
C0692,O01406,A0356,,2026-02-12,2027-02-12,12,38707.0,Active
C0693,O01413,A0124,,2025-03-17,2027-03-17,24,50274.0,Active
C0694,O01414,A0201,,2025-10-20,2026-10-20,12,6871.0,Active
C0695,O01415,A0352,,2025-12-31,2026-12-31,12,14767.0,Active
C0696,O01418,A0134,,2026-04-04,2027-04-04,12,47184.0,Active
C0697,O01419,A0243,,2026-03-24,2028-03-24,24,50628.0,Active
C0698,O01421,A0499,,2026-03-09,2027-03-09,12,24310.0,Active
C0699,O01423,A0220,,2025-05-26,2026-05-26,12,6970.0,Churned
C0700,O01426,A0008,,2026-05-22,2027-05-22,12,266512.0,Active
C0701,O01432,A0487,,2024-08-14,2026-08-14,24,177989.0,Active
C0702,O01433,A0047,,2024-10-27,2026-10-27,24,18805.0,Active
C0703,O01435,A0253,,2025-12-15,2026-12-15,12,201466.0,Active
C0704,O01437,A0248,,2026-05-17,2027-05-17,12,56165.0,Active
C0705,O01439,A0320,,2025-03-19,2026-03-19,12,18682.0,Renewed
C0706,O01439,A0320,C0705,2026-03-19,2027-03-19,12,28023.0,Active
C0707,O01440,A0222,,2024-11-18,2026-11-18,24,7505.0,Active
C0708,O01442,A0021,,2024-12-22,2026-12-22,24,194270.0,Active
C0709,O01445,A0360,,2024-08-04,2025-08-04,12,19654.0,Churned
C0710,O01448,A0466,,2026-02-21,2028-02-21,24,6070.0,Active
C0711,O01450,A0136,,2025-05-18,2026-05-18,12,13470.0,Renewed
C0712,O01450,A0136,C0711,2026-05-18,2027-05-18,12,11449.5,Active
C0713,O01452,A0345,,2025-05-10,2026-05-10,12,76802.0,Renewed
C0714,O01452,A0345,C0713,2026-05-10,2027-05-10,12,76802.0,Active
C0715,O01455,A0051,,2025-06-20,2026-06-20,12,231851.0,Active
C0716,O01462,A0094,,2025-12-01,2028-12-01,36,125851.0,Active
C0717,O01463,A0068,,2024-08-22,2025-08-22,12,162838.0,Renewed
C0718,O01463,A0068,C0717,2025-08-22,2026-08-22,12,162838.0,Active
C0719,O01467,A0406,,2024-08-04,2026-08-04,24,6247.0,Active
C0720,O01471,A0327,,2024-12-26,2025-12-26,12,9672.0,Renewed
C0721,O01471,A0327,C0720,2025-12-26,2026-12-26,12,8221.2,Active
C0722,O01474,A0417,,2025-09-28,2026-09-28,12,13829.0,Active
C0723,O01478,A0173,,2025-08-17,2026-08-17,12,7822.0,Active
C0724,O01482,A0300,,2024-12-17,2025-12-17,12,10014.0,Churned
C0725,O01484,A0114,,2024-11-14,2026-11-14,24,12365.0,Active
C0726,O01486,A0356,,2024-07-20,2025-07-20,12,56506.0,Churned
C0727,O01487,A0346,,2024-06-25,2025-06-25,12,11323.0,Renewed
C0728,O01487,A0346,C0727,2025-06-25,2026-06-25,12,11323.0,Active
C0729,O01488,A0339,,2025-03-29,2027-03-29,24,16712.0,Active
C0730,O01489,A0118,,2026-04-08,2027-04-08,12,56243.0,Active
C0731,O01492,A0372,,2026-04-28,2028-04-28,24,44850.0,Active
C0732,O01493,A0047,,2025-05-09,2026-05-09,12,5213.0,Renewed
C0733,O01493,A0047,C0732,2026-05-09,2027-05-09,12,7819.5,Active
